﻿pos_x,pos_y,rotation,side,designator,mpn,pack,footprint,value,mount_type
208.985,-100.0,0.0,bottom,BT1,,,BatteryHolder_Keystone_3034_1x20mm,CR2032,smt
212.95,-107.65,180.0,top,C1,,,C_0603_1608Metric,12pF,smt
211.96,-91.41,90.0,top,C11,,,C_0603_1608Metric,12pF,smt
208.83,-92.4,180.0,top,C12,,,C_0603_1608Metric,12pF,smt
214.17,-95.93,0.0,top,C13,,,C_0603_1608Metric,100nF,smt
201.74,-104.94,-90.0,top,C15,,,C_0603_1608Metric,tbd,smt
214.9,-105.31,-90.0,top,C2,,,C_0603_1608Metric,12pF,smt
206.36,-106.58,-90.0,top,C3,,,C_0603_1608Metric,0.8pF,smt
210.54,-106.57,-90.0,top,C4,,,C_0603_1608Metric,100pF,smt
208.91,-106.57,-90.0,top,C5,,,C_0603_1608Metric,nc,smt
213.51,-92.99,90.0,top,C6,,,C_0603_1608Metric,100nF,smt
215.94,-100.59,0.0,top,C7,,,C_0603_1608Metric,1.0uF,smt
215.07,-93.58,90.0,top,C8,,,C_0603_1608Metric,4.7uF,smt
219.21,-100.08,90.0,top,D1,,,LED-CREE-CLV1L-FKB,CLV1L-FKB,smt
203.46,-110.03,-28.0,bottom,D2,,,LED-CREE-CLV1L-FKB,CLV1L-FKB,smt
203.25,-90.48,30.0,top,D3,,,LED-CREE-CLV1L-FKB,CLV1L-FKB,smt
202.1,-95.69,0.0,top,J1,,,PinHeader_1x06_P2.00mm_Pad,Prog,tht
207.15,-104.19,0.0,top,L1,,,L_0603_1608Metric,3.9nH,smt
215.93,-99.01,0.0,top,L2,,,L_0603_1608Metric,15nH,smt
214.17,-97.48,180.0,top,L3,,,L_0603_1608Metric,10uH,smt
204.05,-104.2,0.0,top,R1,,,R_0603_1608Metric,0R,smt
207.09,-89.07,90.0,top,R10,,,R_0603_1608Metric,220,smt
218.18,-95.4,0.0,top,R2,,,R_0603_1608Metric,220,smt
217.61,-93.84,0.0,top,R3,,,R_0603_1608Metric,220,smt
218.24,-96.96,0.0,top,R4,,,R_0603_1608Metric,220,smt
208.38,-110.84,-90.0,top,R5,,,R_0603_1608Metric,220,smt
206.83,-110.85,-90.0,top,R6,,,R_0603_1608Metric,220,smt
205.27,-110.85,-90.0,top,R7,,,R_0603_1608Metric,220,smt
210.17,-89.07,90.0,top,R8,,,R_0603_1608Metric,220,smt
208.64,-89.07,90.0,top,R9,,,R_0603_1608Metric,220,smt
209.04,-99.05,-90.0,top,U1,,,QFN-48-1EP_6x6mm_P0.4mm_EP4.66x4.66mm,nRF52832-QFAA,smt
212.74,-105.4,90.0,top,Y1,,,Crystal_SMD_2016-4Pin_2.0x1.6mm,32Mhz,smt
210.15,-94.48,180.0,top,Y2,,,Crystal_SMD_3215-2Pin_3.2x1.5mm,32.768 kHz,smt
