﻿Designator,Quantity,Value,Footprint,Package,MPN,DNP,Mount_Type,Description
Antenna2,1,BLE,Texas_SWRA117D_2.4GHz_Right,,,Yes,tht,
BT1,1,CR2032,BatteryHolder_Keystone_3034_1x20mm,,,,smt,Keystone 3034
"C1, C11, C12, C2",4,12pF,C_0603_1608Metric,,,,smt,"Capacitor, NP0, ±2%"
"C13, C6",2,100nF,C_0603_1608Metric,,,,smt,"Capacitor, NP0, ±5%"
C15,1,tbd,C_0603_1608Metric,,,Yes,smt,
C3,1,0.8pF,C_0603_1608Metric,,,,smt,"Capacitor, NP0, ±5%"
C4,1,100pF,C_0603_1608Metric,,,,smt,"Capacitor, X7R, ±10%"
C5,1,nc,C_0603_1608Metric,,,Yes,smt,"Capacitor, NP0, ±5%"
C7,1,1.0uF,C_0603_1608Metric,,,,smt,"Capacitor, X7R, ±10% "
C8,1,4.7uF,C_0603_1608Metric,,,,smt,"Capacitor, X5R, ±10%"
"D1, D2, D3",3,CLV1L-FKB,LED-CREE-CLV1L-FKB,,,,smt,Cree CLV1L-FKB
J1,1,Prog,PinHeader_1x06_P2.00mm_Pad,,,Yes,tht,
L1,1,3.9nH,L_0603_1608Metric,,,,smt,High frequency chip inductor ±5%
L2,1,15nH,L_0603_1608Metric,,,,smt,High frequency chip inductor ±10%
L3,1,10uH,L_0603_1608Metric,,,,smt,"Chip inductor, IDC,min = 50 mA, ±20%"
R1,1,0R,R_0603_1608Metric,,,,smt,
"R10, R2, R3, R4, R5, R6, R7, R8, R9",9,220,R_0603_1608Metric,,,,smt,
U1,1,nRF52832-QFAA,QFN-48-1EP_6x6mm_P0.4mm_EP4.66x4.66mm,,,,smt,
Y1,1,32Mhz,Crystal_SMD_2016-4Pin_2.0x1.6mm,,,,smt,"XTAL SMD 2016, 32 MHz, Cl=8 pF, total tol. ±40 ppm"
Y2,1,32.768 kHz,Crystal_SMD_3215-2Pin_3.2x1.5mm,,,,smt,"XTAL SMD 3215, 32.768 kHz, CI=9 pF, total tol. ±50 ppm "
